Date,Price,Source
2020-09-29,21.88709259033203,Yahoo_Legacy
2020-09-30,22.881959915161133,Yahoo_Legacy
2020-10-01,22.49396324157715,Yahoo_Legacy
2020-10-02,22.3049373626709,Yahoo_Legacy
2020-10-05,21.638376235961914,Yahoo_Legacy
2020-10-06,20.90217399597168,Yahoo_Legacy
2020-10-07,20.89222526550293,Yahoo_Legacy
2020-10-08,20.79273796081543,Yahoo_Legacy
2020-10-09,20.93202018737793,Yahoo_Legacy
2020-10-12,21.240428924560547,Yahoo_Legacy
2020-10-13,21.59857940673828,Yahoo_Legacy
2020-10-14,21.717966079711914,Yahoo_Legacy
2020-10-15,21.389659881591797,Yahoo_Legacy
2020-10-16,21.09119987487793,Yahoo_Legacy
2020-10-19,21.160839080810547,Yahoo_Legacy
2020-10-20,20.81263542175293,Yahoo_Legacy
2020-10-21,20.69325065612793,Yahoo_Legacy
2020-10-22,20.305252075195312,Yahoo_Legacy
2020-10-23,20.315202713012695,Yahoo_Legacy
2020-10-26,19.633718490600586,Yahoo_Legacy
2020-10-27,19.325307846069336,Yahoo_Legacy
2020-10-28,18.534387588500977,Yahoo_Legacy
2020-10-29,18.50454330444336,Yahoo_Legacy
2020-10-30,18.703514099121094,Yahoo_Legacy
2020-11-02,19.449665069580078,Yahoo_Legacy
2020-11-03,19.748126983642578,Yahoo_Legacy
2020-11-04,18.93730926513672,Yahoo_Legacy
2020-11-05,20.116228103637695,Yahoo_Legacy
2020-11-06,20.146074295043945,Yahoo_Legacy
2020-11-09,21.061351776123047,Yahoo_Legacy
2020-11-10,20.394790649414062,Yahoo_Legacy
2020-11-11,21.359811782836914,Yahoo_Legacy
2020-11-12,22.08606719970703,Yahoo_Legacy
2020-11-13,22.752628326416016,Yahoo_Legacy
2020-11-16,23.080934524536133,Yahoo_Legacy
2020-11-17,23.34954833984375,Yahoo_Legacy
2020-11-18,23.757444381713867,Yahoo_Legacy
2020-11-19,24.065855026245117,Yahoo_Legacy
2020-11-20,24.89159393310547,Yahoo_Legacy
2020-11-23,24.94133758544922,Yahoo_Legacy
2020-11-24,25.408926010131836,Yahoo_Legacy
2020-11-25,24.93138885498047,Yahoo_Legacy
2020-11-26,25.110464096069336,Yahoo_Legacy
2020-11-27,24.79210662841797,Yahoo_Legacy
2020-11-30,24.77220916748047,Yahoo_Legacy
2020-12-01,24.87169647216797,Yahoo_Legacy
2020-12-02,24.67272186279297,Yahoo_Legacy
2020-12-03,24.3742618560791,Yahoo_Legacy
2020-12-04,24.77220916748047,Yahoo_Legacy
2020-12-07,25.468618392944336,Yahoo_Legacy
2020-12-08,25.548206329345703,Yahoo_Legacy
2020-12-09,24.84185028076172,Yahoo_Legacy
2020-12-10,25.369131088256836,Yahoo_Legacy
2020-12-11,24.97118377685547,Yahoo_Legacy
2020-12-14,25.518360137939453,Yahoo_Legacy
2020-12-15,25.647693634033203,Yahoo_Legacy
2020-12-16,26.04564094543457,Yahoo_Legacy
2020-12-17,25.74717903137207,Yahoo_Legacy
2020-12-18,26.284408569335938,Yahoo_Legacy
2020-12-21,25.806873321533203,Yahoo_Legacy
2020-12-22,27.219585418701172,Yahoo_Legacy
2020-12-23,28.065221786499023,Yahoo_Legacy
2020-12-28,29.577421188354492,Yahoo_Legacy
2020-12-29,29.746549606323242,Yahoo_Legacy
2020-12-30,29.84603500366211,Yahoo_Legacy
2021-01-04,29.97536849975586,Yahoo_Legacy
2021-01-05,29.93557357788086,Yahoo_Legacy
2021-01-06,30.592185974121094,Yahoo_Legacy
2021-01-07,31.696491241455078,Yahoo_Legacy
2021-01-08,33.2584342956543,Yahoo_Legacy
2021-01-11,33.12910079956055,Yahoo_Legacy
2021-01-12,32.18397521972656,Yahoo_Legacy
2021-01-13,33.52704620361328,Yahoo_Legacy
2021-01-14,32.51228332519531,Yahoo_Legacy
2021-01-15,30.472801208496094,Yahoo_Legacy
2021-01-18,31.507465362548828,Yahoo_Legacy
2021-01-19,31.338336944580078,Yahoo_Legacy
2021-01-20,31.398029327392578,Yahoo_Legacy
2021-01-21,31.975051879882812,Yahoo_Legacy
2021-01-22,31.726335525512695,Yahoo_Legacy
2021-01-25,32.67145919799805,Yahoo_Legacy
2021-01-26,32.5421257019043,Yahoo_Legacy
2021-01-27,31.427875518798828,Yahoo_Legacy
2021-01-28,31.398029327392578,Yahoo_Legacy
2021-01-29,30.423059463500977,Yahoo_Legacy
2021-02-01,31.09956932067871,Yahoo_Legacy
2021-02-02,30.99013328552246,Yahoo_Legacy
2021-02-03,31.039878845214844,Yahoo_Legacy
2021-02-04,30.99013328552246,Yahoo_Legacy
2021-02-05,30.81105613708496,Yahoo_Legacy
2021-02-08,31.656694412231445,Yahoo_Legacy
2021-02-09,31.00008201599121,Yahoo_Legacy
2021-02-10,31.08962059020996,Yahoo_Legacy
2021-02-11,31.795976638793945,Yahoo_Legacy
2021-02-12,31.14931297302246,Yahoo_Legacy
2021-02-15,31.537311553955078,Yahoo_Legacy
2021-02-16,32.7609977722168,Yahoo_Legacy
2021-02-17,32.93012619018555,Yahoo_Legacy
2021-02-18,32.3431510925293,Yahoo_Legacy
2021-02-19,32.15412902832031,Yahoo_Legacy
2021-02-22,31.26869773864746,Yahoo_Legacy
2021-02-23,30.164392471313477,Yahoo_Legacy
2021-02-24,30.234033584594727,Yahoo_Legacy
2021-02-25,30.323572158813477,Yahoo_Legacy
2021-02-26,31.08962059020996,Yahoo_Legacy
2021-03-01,31.427875518798828,Yahoo_Legacy
2021-03-02,30.502649307250977,Yahoo_Legacy
2021-03-03,29.89577865600586,Yahoo_Legacy
2021-03-04,29.159576416015625,Yahoo_Legacy
2021-03-05,28.353734970092773,Yahoo_Legacy
2021-03-08,29.467987060546875,Yahoo_Legacy
2021-03-09,30.99013328552246,Yahoo_Legacy
2021-03-10,30.91054344177246,Yahoo_Legacy
2021-03-11,32.23371887207031,Yahoo_Legacy
2021-03-12,32.03474426269531,Yahoo_Legacy
2021-03-15,32.28346252441406,Yahoo_Legacy
2021-03-16,31.26869773864746,Yahoo_Legacy
2021-03-17,30.263879776000977,Yahoo_Legacy
2021-03-18,30.582237243652344,Yahoo_Legacy
2021-03-19,29.786344528198242,Yahoo_Legacy
2021-03-22,29.547576904296875,Yahoo_Legacy
2021-03-23,29.875883102416992,Yahoo_Legacy
2021-03-24,29.229217529296875,Yahoo_Legacy
2021-03-25,29.119783401489258,Yahoo_Legacy
2021-03-26,29.93557357788086,Yahoo_Legacy
2021-03-29,29.82613754272461,Yahoo_Legacy
2021-03-30,30.18429183959961,Yahoo_Legacy
2021-03-31,30.452905654907227,Yahoo_Legacy
2021-04-01,30.940391540527344,Yahoo_Legacy
2021-04-06,29.885831832885742,Yahoo_Legacy
2021-04-07,30.07485580444336,Yahoo_Legacy
2021-04-08,30.11465072631836,Yahoo_Legacy
2021-04-09,30.234033584594727,Yahoo_Legacy
2021-04-12,29.378448486328125,Yahoo_Legacy
2021-04-13,29.348602294921875,Yahoo_Legacy
2021-04-14,30.054956436157227,Yahoo_Legacy
2021-04-15,29.348602294921875,Yahoo_Legacy
2021-04-16,29.348602294921875,Yahoo_Legacy
2021-04-19,28.61240005493164,Yahoo_Legacy
2021-04-20,27.746864318847656,Yahoo_Legacy
2021-04-21,28.114965438842773,Yahoo_Legacy
2021-04-22,28.930757522583008,Yahoo_Legacy
2021-04-23,29.000398635864258,Yahoo_Legacy
2021-04-26,28.761629104614258,Yahoo_Legacy
2021-04-27,28.79147720336914,Yahoo_Legacy
2021-04-28,28.60245132446289,Yahoo_Legacy
2021-04-29,27.896095275878906,Yahoo_Legacy
2021-04-30,27.657325744628906,Yahoo_Legacy
2021-05-03,27.886146545410156,Yahoo_Legacy
2021-05-04,26.801740646362305,Yahoo_Legacy
2021-05-05,27.120098114013672,Yahoo_Legacy
2021-05-06,25.86656379699707,Yahoo_Legacy
2021-05-07,26.095382690429688,Yahoo_Legacy
2021-05-10,25.548206329345703,Yahoo_Legacy
2021-05-11,24.89159393310547,Yahoo_Legacy
2021-05-12,24.44390296936035,Yahoo_Legacy
2021-05-13,24.135494232177734,Yahoo_Legacy
2021-05-14,25.07067108154297,Yahoo_Legacy
2021-05-17,24.42400550842285,Yahoo_Legacy
2021-05-18,24.94133758544922,Yahoo_Legacy
2021-05-19,24.62298011779785,Yahoo_Legacy
2021-05-20,25.398977279663086,Yahoo_Legacy
2021-05-21,25.786975860595703,Yahoo_Legacy
2021-05-25,25.627796173095703,Yahoo_Legacy
2021-05-26,25.657642364501953,Yahoo_Legacy
2021-05-27,25.727283477783203,Yahoo_Legacy
2021-05-28,25.98594856262207,Yahoo_Legacy
2021-05-31,25.86656379699707,Yahoo_Legacy
2021-06-01,26.304306030273438,Yahoo_Legacy
2021-06-02,25.418872833251953,Yahoo_Legacy
2021-06-03,25.329334259033203,Yahoo_Legacy
2021-06-04,25.259695053100586,Yahoo_Legacy
2021-06-07,24.97118377685547,Yahoo_Legacy
2021-06-08,25.15026092529297,Yahoo_Legacy
2021-06-09,25.200002670288086,Yahoo_Legacy
2021-06-10,24.60308265686035,Yahoo_Legacy
2021-06-11,24.26482582092285,Yahoo_Legacy
2021-06-14,25.299489974975586,Yahoo_Legacy
2021-06-15,25.518360137939453,Yahoo_Legacy
2021-06-16,26.10533332824707,Yahoo_Legacy
2021-06-17,25.75712776184082,Yahoo_Legacy
2021-06-18,25.428821563720703,Yahoo_Legacy
2021-06-21,25.299489974975586,Yahoo_Legacy
2021-06-22,25.04082489013672,Yahoo_Legacy
2021-06-23,24.77220916748047,Yahoo_Legacy
2021-06-24,25.379079818725586,Yahoo_Legacy
2021-06-25,25.239797592163086,Yahoo_Legacy
2021-06-28,25.219900131225586,Yahoo_Legacy
2021-06-29,26.12523078918457,Yahoo_Legacy
2021-06-30,25.289541244506836,Yahoo_Legacy
2021-07-01,25.737232208251953,Yahoo_Legacy
2021-07-02,25.87651252746582,Yahoo_Legacy
2021-07-05,26.13517951965332,Yahoo_Legacy
2021-07-06,26.901227951049805,Yahoo_Legacy
2021-07-07,26.523176193237305,Yahoo_Legacy
2021-07-08,26.04564094543457,Yahoo_Legacy
2021-07-09,25.74717903137207,Yahoo_Legacy
2021-07-12,26.04564094543457,Yahoo_Legacy
2021-07-13,26.10533332824707,Yahoo_Legacy
2021-07-14,25.647693634033203,Yahoo_Legacy
2021-07-15,22.802371978759766,Yahoo_Legacy
2021-07-16,22.5835018157959,Yahoo_Legacy
2021-07-19,21.96668243408203,Yahoo_Legacy
2021-07-20,21.837350845336914,Yahoo_Legacy
2021-07-21,22.911808013916016,Yahoo_Legacy
2021-07-22,22.971498489379883,Yahoo_Legacy
2021-07-23,22.613346099853516,Yahoo_Legacy
2021-07-26,22.663089752197266,Yahoo_Legacy
2021-07-27,22.4243221282959,Yahoo_Legacy
2021-07-28,23.140626907348633,Yahoo_Legacy
2021-07-29,22.971498489379883,Yahoo_Legacy
2021-07-30,22.822269439697266,Yahoo_Legacy
2021-08-02,23.180419921875,Yahoo_Legacy
2021-08-03,23.44903564453125,Yahoo_Legacy
2021-08-04,22.802371978759766,Yahoo_Legacy
2021-08-05,23.051088333129883,Yahoo_Legacy
2021-08-06,23.518674850463867,Yahoo_Legacy
2021-08-09,23.807188034057617,Yahoo_Legacy
2021-08-10,23.687803268432617,Yahoo_Legacy
2021-08-11,23.40924072265625,Yahoo_Legacy
2021-08-12,23.4788818359375,Yahoo_Legacy
2021-08-13,23.767393112182617,Yahoo_Legacy
2021-08-16,23.458984375,Yahoo_Legacy
2021-08-17,23.160524368286133,Yahoo_Legacy
2021-08-18,23.717649459838867,Yahoo_Legacy
2021-08-19,23.66790771484375,Yahoo_Legacy
2021-08-20,23.4390869140625,Yahoo_Legacy
2021-08-23,23.53857421875,Yahoo_Legacy
2021-08-24,24.125545501708984,Yahoo_Legacy
2021-08-25,24.185237884521484,Yahoo_Legacy
2021-08-26,24.195186614990234,Yahoo_Legacy
2021-08-27,24.155391693115234,Yahoo_Legacy
2021-08-30,24.59313201904297,Yahoo_Legacy
2021-08-31,24.4538516998291,Yahoo_Legacy
2021-09-01,24.96123504638672,Yahoo_Legacy
2021-09-02,25.06072235107422,Yahoo_Legacy
2021-09-03,25.15026092529297,Yahoo_Legacy
2021-09-06,24.88164520263672,Yahoo_Legacy
2021-09-07,24.83190155029297,Yahoo_Legacy
2021-09-08,22.822269439697266,Yahoo_Legacy
2021-09-09,22.802371978759766,Yahoo_Legacy
2021-09-10,22.663089752197266,Yahoo_Legacy
2021-09-13,23.150575637817383,Yahoo_Legacy
2021-09-14,22.941652297973633,Yahoo_Legacy
2021-09-15,22.3845272064209,Yahoo_Legacy
2021-09-16,22.682987213134766,Yahoo_Legacy
2021-09-17,22.782474517822266,Yahoo_Legacy
2021-09-20,22.31488609313965,Yahoo_Legacy
2021-09-21,22.772523880004883,Yahoo_Legacy
2021-09-22,23.34954833984375,Yahoo_Legacy
2021-09-23,23.876829147338867,Yahoo_Legacy
2021-09-24,23.180419921875,Yahoo_Legacy
2021-09-27,23.946468353271484,Yahoo_Legacy
2021-09-28,23.5584716796875,Yahoo_Legacy
2021-09-29,23.46893310546875,Yahoo_Legacy
2021-09-30,23.110780715942383,Yahoo_Legacy
2021-10-01,22.593448638916016,Yahoo_Legacy
2021-10-04,22.14575958251953,Yahoo_Legacy
2021-10-05,22.09601402282715,Yahoo_Legacy
2021-10-06,21.528940200805664,Yahoo_Legacy
2021-10-07,22.04627227783203,Yahoo_Legacy
2021-10-08,21.89704132080078,Yahoo_Legacy
2021-10-11,22.4243221282959,Yahoo_Legacy
2021-10-12,22.812320709228516,Yahoo_Legacy
2021-10-13,23.2998046875,Yahoo_Legacy
2021-10-14,23.42913818359375,Yahoo_Legacy
2021-10-15,23.787290573120117,Yahoo_Legacy
2021-10-18,23.5584716796875,Yahoo_Legacy
2021-10-19,23.866880416870117,Yahoo_Legacy
2021-10-20,24.185237884521484,Yahoo_Legacy
2021-10-21,23.976316452026367,Yahoo_Legacy
2021-10-22,23.787290573120117,Yahoo_Legacy
2021-10-25,23.578369140625,Yahoo_Legacy
2021-10-26,24.54339027404785,Yahoo_Legacy
2021-10-27,24.64287757873535,Yahoo_Legacy
2021-10-28,25.100515365600586,Yahoo_Legacy
2021-10-29,24.69261932373047,Yahoo_Legacy
2021-11-01,24.90154266357422,Yahoo_Legacy
2021-11-02,24.38421058654785,Yahoo_Legacy
2021-11-03,22.792423248291016,Yahoo_Legacy
2021-11-04,23.250062942504883,Yahoo_Legacy
2021-11-05,22.702884674072266,Yahoo_Legacy
2021-11-08,23.837032318115234,Yahoo_Legacy
2021-11-09,24.4538516998291,Yahoo_Legacy
2021-11-10,25.319387435913086,Yahoo_Legacy
2021-11-11,24.195186614990234,Yahoo_Legacy
2021-11-12,24.324520111083984,Yahoo_Legacy
2021-11-15,24.304622650146484,Yahoo_Legacy
2021-11-16,24.5135440826416,Yahoo_Legacy
2021-11-17,24.4737491607666,Yahoo_Legacy
2021-11-18,24.3543643951416,Yahoo_Legacy
2021-11-19,24.175289154052734,Yahoo_Legacy
2021-11-22,23.807188034057617,Yahoo_Legacy
2021-11-23,23.588315963745117,Yahoo_Legacy
2021-11-24,23.657958984375,Yahoo_Legacy
2021-11-25,24.38421058654785,Yahoo_Legacy
2021-11-26,24.055904388427734,Yahoo_Legacy
2021-11-29,23.966367721557617,Yahoo_Legacy
2021-11-30,23.319704055786133,Yahoo_Legacy
2021-12-01,23.54852294921875,Yahoo_Legacy
2021-12-02,23.080934524536133,Yahoo_Legacy
2021-12-03,22.742679595947266,Yahoo_Legacy
2021-12-06,22.941652297973633,Yahoo_Legacy
2021-12-07,22.941652297973633,Yahoo_Legacy
2021-12-08,22.762575149536133,Yahoo_Legacy
2021-12-09,22.991395950317383,Yahoo_Legacy
2021-12-10,22.543704986572266,Yahoo_Legacy
2021-12-13,22.08606719970703,Yahoo_Legacy
2021-12-14,21.827402114868164,Yahoo_Legacy
2021-12-15,21.69806671142578,Yahoo_Legacy
2021-12-16,22.27509117126465,Yahoo_Legacy
2021-12-17,22.31488609313965,Yahoo_Legacy
2021-12-20,21.69806671142578,Yahoo_Legacy
2021-12-21,22.2651424407959,Yahoo_Legacy
2021-12-22,22.553653717041016,Yahoo_Legacy
2021-12-23,22.663089752197266,Yahoo_Legacy
2021-12-27,22.653141021728516,Yahoo_Legacy
2021-12-28,22.752628326416016,Yahoo_Legacy
2021-12-29,22.633243560791016,Yahoo_Legacy
2021-12-30,22.37457847595215,Yahoo_Legacy
2022-01-03,23.2003173828125,Yahoo_Legacy
2022-01-04,23.329652786254883,Yahoo_Legacy
2022-01-05,23.42913818359375,Yahoo_Legacy
2022-01-06,22.702884674072266,Yahoo_Legacy
2022-01-07,22.47406578063965,Yahoo_Legacy
2022-01-10,21.93683624267578,Yahoo_Legacy
2022-01-11,22.344730377197266,Yahoo_Legacy
2022-01-12,22.27509117126465,Yahoo_Legacy
2022-01-13,22.613346099853516,Yahoo_Legacy
2022-01-14,22.2054500579834,Yahoo_Legacy
2022-01-17,22.49396324157715,Yahoo_Legacy
2022-01-18,22.31488609313965,Yahoo_Legacy
2022-01-19,22.2850399017334,Yahoo_Legacy
2022-01-20,22.822269439697266,Yahoo_Legacy
2022-01-21,19.02684783935547,Yahoo_Legacy
2022-01-24,17.947416305541992,Yahoo_Legacy
2022-01-25,18.43490219116211,Yahoo_Legacy
2022-01-26,19.30043601989746,Yahoo_Legacy
2022-01-27,19.57900047302246,Yahoo_Legacy
2022-01-28,19.29048728942871,Yahoo_Legacy
2022-01-31,19.658588409423828,Yahoo_Legacy
2022-02-01,19.549152374267578,Yahoo_Legacy
2022-02-02,19.50935935974121,Yahoo_Legacy
2022-02-03,19.554128646850586,Yahoo_Legacy
2022-02-04,19.19597625732422,Yahoo_Legacy
2022-02-07,18.96715545654297,Yahoo_Legacy
2022-02-08,19.00695037841797,Yahoo_Legacy
2022-02-09,19.20592498779297,Yahoo_Legacy
2022-02-10,19.20094871520996,Yahoo_Legacy
2022-02-11,18.7283878326416,Yahoo_Legacy
2022-02-14,18.564233779907227,Yahoo_Legacy
2022-02-15,19.29546356201172,Yahoo_Legacy
2022-02-16,18.982078552246094,Yahoo_Legacy
2022-02-17,18.8676700592041,Yahoo_Legacy
2022-02-18,18.32546615600586,Yahoo_Legacy
2022-02-21,18.27572250366211,Yahoo_Legacy
2022-02-22,18.12649154663086,Yahoo_Legacy
2022-02-23,18.051877975463867,Yahoo_Legacy
2022-02-24,19.385000228881836,Yahoo_Legacy
2022-02-25,19.434999465942383,Yahoo_Legacy
2022-02-28,21.43000030517578,Yahoo_Legacy
2022-03-01,20.68000030517578,Yahoo_Legacy
2022-03-02,20.170000076293945,Yahoo_Legacy
2022-03-03,19.485000610351562,Yahoo_Legacy
2022-03-04,19.145000457763672,Yahoo_Legacy
2022-03-07,19.81999969482422,Yahoo_Legacy
2022-03-08,21.0,Yahoo_Legacy
2022-03-09,20.729999542236328,Yahoo_Legacy
2022-03-10,20.489999771118164,Yahoo_Legacy
2022-03-11,21.3799991607666,Yahoo_Legacy
2022-03-14,21.459999084472656,Yahoo_Legacy
2022-03-15,21.149999618530273,Yahoo_Legacy
2022-03-16,21.31999969482422,Yahoo_Legacy
2022-03-17,20.799999237060547,Yahoo_Legacy
2022-03-18,21.450000762939453,Yahoo_Legacy
2022-03-21,21.350000381469727,Yahoo_Legacy
2022-03-22,21.399999618530273,Yahoo_Legacy
2022-03-23,21.06999969482422,Yahoo_Legacy
2022-03-24,21.229999542236328,Yahoo_Legacy
2022-03-25,20.600000381469727,Yahoo_Legacy
2022-03-28,20.559999465942383,Yahoo_Legacy
2022-03-29,20.760000228881836,Yahoo_Legacy
2022-03-30,20.579999923706055,Yahoo_Legacy
2022-03-31,20.719999313354492,Yahoo_Legacy
2022-04-01,20.90999984741211,Yahoo_Legacy
2022-04-04,20.90999984741211,Yahoo_Legacy
2022-04-05,21.1299991607666,Yahoo_Legacy
2022-04-06,19.774999618530273,Yahoo_Legacy
2022-04-07,19.170000076293945,Yahoo_Legacy
2022-04-08,19.59000015258789,Yahoo_Legacy
2022-04-11,19.415000915527344,Yahoo_Legacy
2022-04-12,19.375,Yahoo_Legacy
2022-04-13,18.985000610351562,Yahoo_Legacy
2022-04-14,19.024999618530273,Yahoo_Legacy
2022-04-19,19.559999465942383,Yahoo_Legacy
2022-04-20,19.2549991607666,Yahoo_Legacy
2022-04-21,19.2549991607666,Yahoo_Legacy
2022-04-22,19.2549991607666,Yahoo_Legacy
2022-04-25,18.764999389648438,Yahoo_Legacy
2022-04-26,18.764999389648438,Yahoo_Legacy
2022-04-27,18.764999389648438,Yahoo_Legacy
2022-04-28,18.15999984741211,Yahoo_Legacy
2022-04-29,18.43000030517578,Yahoo_Legacy
2022-05-02,18.43000030517578,Yahoo_Legacy
2022-05-03,17.864999771118164,Yahoo_Legacy
2022-05-04,17.80500030517578,Yahoo_Legacy
2022-05-05,17.350000381469727,Yahoo_Legacy
2022-05-06,17.350000381469727,Yahoo_Legacy
2022-05-09,17.350000381469727,Yahoo_Legacy
2022-05-10,16.684999465942383,Yahoo_Legacy
2022-05-11,16.684999465942383,Yahoo_Legacy
2022-05-12,15.625,Yahoo_Legacy
2022-05-13,15.625,Yahoo_Legacy
2022-05-16,16.565000534057617,Yahoo_Legacy
2022-05-17,16.799999237060547,Yahoo_Legacy
2022-05-18,17.024999618530273,Yahoo_Legacy
2022-05-19,17.024999618530273,Yahoo_Legacy
2022-05-20,16.934999465942383,Yahoo_Legacy
2022-05-23,16.809999465942383,Yahoo_Legacy
2022-05-24,17.25,Yahoo_Legacy
2022-05-25,17.25,Yahoo_Legacy
2022-05-26,17.5049991607666,Yahoo_Legacy
2022-05-27,17.5049991607666,Yahoo_Legacy
2022-05-30,17.5049991607666,Yahoo_Legacy
2022-05-31,17.934999465942383,Yahoo_Legacy
2022-06-01,17.844999313354492,Yahoo_Legacy
2022-06-02,17.844999313354492,Yahoo_Legacy
2022-06-03,17.844999313354492,Yahoo_Legacy
2022-06-06,18.639999389648438,Yahoo_Legacy
2022-06-07,18.774999618530273,Yahoo_Legacy
2022-06-08,18.450000762939453,Yahoo_Legacy
2022-06-09,17.219999313354492,Yahoo_Legacy
2022-06-10,16.844999313354492,Yahoo_Legacy
2022-06-13,15.975000381469727,Yahoo_Legacy
2022-06-14,15.604999542236328,Yahoo_Legacy
2022-06-15,15.824999809265137,Yahoo_Legacy
2022-06-16,15.350000381469727,Yahoo_Legacy
2022-06-17,15.3100004196167,Yahoo_Legacy
2022-06-20,15.680000305175781,Yahoo_Legacy
2022-06-21,15.770000457763672,Yahoo_Legacy
2022-06-22,15.609999656677246,Yahoo_Legacy
2022-06-23,15.220000267028809,Yahoo_Legacy
2022-06-24,15.699999809265137,Yahoo_Legacy
2022-06-27,15.645000457763672,Yahoo_Legacy
2022-06-28,15.59000015258789,Yahoo_Legacy
2022-06-29,14.609999656677246,Yahoo_Legacy
2022-06-30,13.984999656677246,Yahoo_Legacy
2022-07-01,14.220000267028809,Yahoo_Legacy
2022-07-04,14.095000267028809,Yahoo_Legacy
2022-07-05,13.369999885559082,Yahoo_Legacy
2022-07-06,13.805000305175781,Yahoo_Legacy
2022-07-07,14.399999618530273,Yahoo_Legacy
2022-07-08,14.84000015258789,Yahoo_Legacy
2022-07-11,14.4399995803833,Yahoo_Legacy
2022-07-12,14.4399995803833,Yahoo_Legacy
2022-07-13,14.305000305175781,Yahoo_Legacy
2022-07-14,14.154999732971191,Yahoo_Legacy
2022-07-15,14.175000190734863,Yahoo_Legacy
2022-07-18,14.53499984741211,Yahoo_Legacy
2022-07-19,14.875,Yahoo_Legacy
2022-07-20,14.994999885559082,Yahoo_Legacy
2022-07-21,14.984999656677246,Yahoo_Legacy
2022-07-22,15.28499984741211,Yahoo_Legacy
2022-07-25,14.975000381469727,Yahoo_Legacy
2022-07-26,14.425000190734863,Yahoo_Legacy
2022-07-27,14.895000457763672,Yahoo_Legacy
2022-07-28,15.845000267028809,Yahoo_Legacy
2022-07-29,16.184999465942383,Yahoo_Legacy
2022-08-01,15.524999618530273,Yahoo_Legacy
2022-08-02,15.300000190734863,Yahoo_Legacy
2022-08-03,15.454999923706055,Yahoo_Legacy
2022-08-04,15.454999923706055,Yahoo_Legacy
2022-08-05,16.540000915527344,Yahoo_Legacy
2022-08-08,16.3700008392334,Yahoo_Legacy
2022-08-09,15.8149995803833,Yahoo_Legacy
2022-08-10,16.69499969482422,Yahoo_Legacy
2022-08-11,16.559999465942383,Yahoo_Legacy
2022-08-12,16.354999542236328,Yahoo_Legacy
2022-08-15,16.5,Yahoo_Legacy
2022-08-16,16.469999313354492,Yahoo_Legacy
2022-08-17,16.28499984741211,Yahoo_Legacy
2022-08-18,16.360000610351562,Yahoo_Legacy
2022-08-19,15.899999618530273,Yahoo_Legacy
2022-08-22,15.204999923706055,Yahoo_Legacy
2022-08-23,15.28499984741211,Yahoo_Legacy
2022-08-24,15.375,Yahoo_Legacy
2022-08-25,15.414999961853027,Yahoo_Legacy
2022-08-26,15.350000381469727,Yahoo_Legacy
2022-08-29,15.154999732971191,Yahoo_Legacy
2022-08-30,15.255000114440918,Yahoo_Legacy
2022-08-31,14.675000190734863,Yahoo_Legacy
2022-09-01,13.994999885559082,Yahoo_Legacy
2022-09-02,14.149999618530273,Yahoo_Legacy
2022-09-05,14.154999732971191,Yahoo_Legacy
2022-09-06,14.140000343322754,Yahoo_Legacy
2022-09-07,13.670000076293945,Yahoo_Legacy
2022-09-08,13.84000015258789,Yahoo_Legacy
2022-09-09,14.0,Yahoo_Legacy
2022-09-12,14.40999984741211,Yahoo_Legacy
2022-09-13,13.6850004196167,Yahoo_Legacy
2022-09-14,13.484999656677246,Yahoo_Legacy
2022-09-15,13.024999618530273,Yahoo_Legacy
2022-09-16,12.300000190734863,Yahoo_Legacy
2022-09-19,12.164999961853027,Yahoo_Legacy
2022-09-20,12.149999618530273,Yahoo_Legacy
2022-09-21,12.34000015258789,Yahoo_Legacy
2022-09-22,11.994999885559082,Yahoo_Legacy
2022-09-23,11.449999809265137,Yahoo_Legacy
2022-09-26,11.6899995803833,Yahoo_Legacy
2022-09-27,11.8100004196167,Yahoo_Legacy
2022-09-28,11.829999923706055,Yahoo_Legacy
2022-09-29,11.319999694824219,Yahoo_Legacy
2022-09-30,11.385000228881836,Yahoo_Legacy
2022-10-03,11.5600004196167,Yahoo_Legacy
2022-10-04,12.194999694824219,Yahoo_Legacy
2022-10-05,11.510000228881836,Yahoo_Legacy
2022-10-06,11.345000267028809,Yahoo_Legacy
2022-10-07,10.789999961853027,Yahoo_Legacy
2022-10-10,10.925000190734863,Yahoo_Legacy
2022-10-11,10.635000228881836,Yahoo_Legacy
2022-10-12,10.335000038146973,Yahoo_Legacy
2022-10-13,10.8100004196167,Yahoo_Legacy
2022-10-14,10.869999885559082,Yahoo_Legacy
2022-10-17,11.1899995803833,Yahoo_Legacy
2022-10-18,11.354999542236328,Yahoo_Legacy
2022-10-19,11.3100004196167,Yahoo_Legacy
2022-10-20,11.0649995803833,Yahoo_Legacy
2022-10-21,11.024999618530273,Yahoo_Legacy
2022-10-24,11.229999542236328,Yahoo_Legacy
2022-10-25,11.244999885559082,Yahoo_Legacy
2022-10-26,11.664999961853027,Yahoo_Legacy
2022-10-27,11.710000038146973,Yahoo_Legacy
2022-10-28,11.71500015258789,Yahoo_Legacy
2022-10-31,11.8149995803833,Yahoo_Legacy
2022-11-01,12.104999542236328,Yahoo_Legacy
2022-11-02,12.069999694824219,Yahoo_Legacy
2022-11-03,11.989999771118164,Yahoo_Legacy
2022-11-04,12.270000457763672,Yahoo_Legacy
2022-11-07,12.4399995803833,Yahoo_Legacy
2022-11-08,12.970000267028809,Yahoo_Legacy
2022-11-09,12.944999694824219,Yahoo_Legacy
2022-11-10,14.0,Yahoo_Legacy
2022-11-11,14.335000038146973,Yahoo_Legacy
2022-11-14,14.319999694824219,Yahoo_Legacy
2022-11-15,14.484999656677246,Yahoo_Legacy
2022-11-16,14.520000457763672,Yahoo_Legacy
2022-11-17,14.390000343322754,Yahoo_Legacy
2022-11-18,14.675000190734863,Yahoo_Legacy
2022-11-21,14.725000381469727,Yahoo_Legacy
2022-11-22,15.085000038146973,Yahoo_Legacy
2022-11-23,15.489999771118164,Yahoo_Legacy
2022-11-24,16.1299991607666,Yahoo_Legacy
2022-11-25,16.135000228881836,Yahoo_Legacy
2022-11-28,15.699999809265137,Yahoo_Legacy
2022-11-29,15.670000076293945,Yahoo_Legacy
2022-11-30,15.8100004196167,Yahoo_Legacy
2022-12-01,15.979999542236328,Yahoo_Legacy
2022-12-02,16.229999542236328,Yahoo_Legacy
2022-12-05,16.690000534057617,Yahoo_Legacy
2022-12-06,16.575000762939453,Yahoo_Legacy
2022-12-07,16.389999389648438,Yahoo_Legacy
2022-12-08,16.510000228881836,Yahoo_Legacy
2022-12-09,16.934999465942383,Yahoo_Legacy
2022-12-12,16.979999542236328,Yahoo_Legacy
2022-12-13,17.7549991607666,Yahoo_Legacy
2022-12-14,17.549999237060547,Yahoo_Legacy
2022-12-15,16.864999771118164,Yahoo_Legacy
2022-12-16,16.575000762939453,Yahoo_Legacy
2022-12-19,16.90999984741211,Yahoo_Legacy
2022-12-20,16.834999084472656,Yahoo_Legacy
2022-12-21,17.424999237060547,Yahoo_Legacy
2022-12-22,17.375,Yahoo_Legacy
2022-12-23,17.354999542236328,Yahoo_Legacy
2022-12-27,17.725000381469727,Yahoo_Legacy
2022-12-28,17.46500015258789,Yahoo_Legacy
2022-12-29,17.739999771118164,Yahoo_Legacy
2022-12-30,17.575000762939453,Yahoo_Legacy
2023-01-02,17.190000534057617,Yahoo_Legacy
2023-01-03,17.655000686645508,Yahoo_Legacy
2023-01-04,18.030000686645508,Yahoo_Legacy
2023-01-05,17.704999923706055,Yahoo_Legacy
2023-01-06,18.329999923706055,Yahoo_Legacy
2023-01-09,18.18000030517578,Yahoo_Legacy
2023-01-10,17.665000915527344,Yahoo_Legacy
2023-01-11,18.610000610351562,Yahoo_Legacy
2023-01-12,18.71500015258789,Yahoo_Legacy
2023-01-13,18.790000915527344,Yahoo_Legacy
2023-01-16,19.334999084472656,Yahoo_Legacy
2023-01-17,19.43000030517578,Yahoo_Legacy
2023-01-18,19.170000076293945,Yahoo_Legacy
2023-01-19,18.739999771118164,Yahoo_Legacy
2023-01-20,18.8799991607666,Yahoo_Legacy
2023-01-23,19.135000228881836,Yahoo_Legacy
2023-01-24,18.940000534057617,Yahoo_Legacy
2023-01-25,18.780000686645508,Yahoo_Legacy
2023-01-26,18.84000015258789,Yahoo_Legacy
2023-01-27,18.84000015258789,Yahoo_Legacy
2023-01-30,19.0049991607666,Yahoo_Legacy
2023-01-31,19.1200008392334,Yahoo_Legacy
2023-02-01,18.809999465942383,Yahoo_Legacy
2023-02-02,19.540000915527344,Yahoo_Legacy
2023-02-03,19.094999313354492,Yahoo_Legacy
2023-02-06,18.625,Yahoo_Legacy
2023-02-07,18.200000762939453,Yahoo_Legacy
2023-02-08,18.459999084472656,Yahoo_Legacy
2023-02-09,18.950000762939453,Yahoo_Legacy
2023-02-10,18.915000915527344,Yahoo_Legacy
2023-02-13,19.104999542236328,Yahoo_Legacy
2023-02-14,19.0,Yahoo_Legacy
2023-02-15,19.170000076293945,Yahoo_Legacy
2023-02-16,19.46500015258789,Yahoo_Legacy
2023-02-17,19.200000762939453,Yahoo_Legacy
2023-02-20,18.915000915527344,Yahoo_Legacy
2023-02-21,18.415000915527344,Yahoo_Legacy
2023-02-22,18.270000457763672,Yahoo_Legacy
2023-02-23,18.809999465942383,Yahoo_Legacy
2023-02-24,18.7450008392334,Yahoo_Legacy
2023-02-27,18.885000228881836,Yahoo_Legacy
2023-02-28,18.969999313354492,Yahoo_Legacy
2023-03-01,19.559999465942383,Yahoo_Legacy
2023-03-02,19.475000381469727,Yahoo_Legacy
2023-03-03,19.905000686645508,Yahoo_Legacy
2023-03-06,20.229999542236328,Yahoo_Legacy
2023-03-07,19.905000686645508,Yahoo_Legacy
2023-03-08,20.0,Yahoo_Legacy
2023-03-09,20.3799991607666,Yahoo_Legacy
2023-03-10,19.860000610351562,Yahoo_Legacy
2023-03-13,19.139999389648438,Yahoo_Legacy
2023-03-14,19.579999923706055,Yahoo_Legacy
2023-03-15,18.225000381469727,Yahoo_Legacy
2023-03-16,19.155000686645508,Yahoo_Legacy
2023-03-17,18.325000762939453,Yahoo_Legacy
2023-03-20,18.989999771118164,Yahoo_Legacy
2023-03-21,19.229999542236328,Yahoo_Legacy
2023-03-22,18.989999771118164,Yahoo_Legacy
2023-03-23,19.415000915527344,Yahoo_Legacy
2023-03-24,18.540000915527344,Yahoo_Legacy
2023-03-27,19.0049991607666,Yahoo_Legacy
2023-03-28,19.364999771118164,Yahoo_Legacy
2023-03-29,19.625,Yahoo_Legacy
2023-03-30,20.059999465942383,Yahoo_Legacy
2023-03-31,20.239999771118164,Yahoo_Legacy
2023-04-03,21.1200008392334,Yahoo_Legacy
2023-04-04,21.020000457763672,Yahoo_Legacy
2023-04-05,20.8700008392334,Yahoo_Legacy
2023-04-06,20.799999237060547,Yahoo_Legacy
2023-04-11,21.209999084472656,Yahoo_Legacy
2023-04-12,21.389999389648438,Yahoo_Legacy
2023-04-13,21.309999465942383,Yahoo_Legacy
2023-04-14,21.700000762939453,Yahoo_Legacy
2023-04-17,21.540000915527344,Yahoo_Legacy
2023-04-18,21.299999237060547,Yahoo_Legacy
2023-04-19,21.360000610351562,Yahoo_Legacy
2023-04-20,21.209999084472656,Yahoo_Legacy
2023-04-21,21.280000686645508,Yahoo_Legacy
2023-04-24,21.0,Yahoo_Legacy
2023-04-25,21.1299991607666,Yahoo_Legacy
2023-04-26,21.139999389648438,Yahoo_Legacy
2023-04-27,21.770000457763672,Yahoo_Legacy
2023-04-28,22.18000030517578,Yahoo_Legacy
2023-05-02,22.530000686645508,Yahoo_Legacy
2023-05-03,22.149999618530273,Yahoo_Legacy
2023-05-04,21.959999084472656,Yahoo_Legacy
2023-05-05,22.520000457763672,Yahoo_Legacy
2023-05-08,22.729999542236328,Yahoo_Legacy
2023-05-09,22.239999771118164,Yahoo_Legacy
2023-05-10,22.209999084472656,Yahoo_Legacy
2023-05-11,21.65999984741211,Yahoo_Legacy
2023-05-12,21.65999984741211,Yahoo_Legacy
2023-05-15,22.93000030517578,Yahoo_Legacy
2023-05-16,23.610000610351562,Yahoo_Legacy
2023-05-17,23.899999618530273,Yahoo_Legacy
2023-05-18,24.030000686645508,Yahoo_Legacy
2023-05-19,24.239999771118164,Yahoo_Legacy
2023-05-22,24.149999618530273,Yahoo_Legacy
2023-05-23,23.979999542236328,Yahoo_Legacy
2023-05-24,23.420000076293945,Yahoo_Legacy
2023-05-25,23.780000686645508,Yahoo_Legacy
2023-05-26,24.15999984741211,Yahoo_Legacy
2023-05-29,24.149999618530273,Yahoo_Legacy
2023-05-30,24.450000762939453,Yahoo_Legacy
2023-05-31,23.739999771118164,Yahoo_Legacy
2023-06-01,24.06999969482422,Yahoo_Legacy
2023-06-02,24.399999618530273,Yahoo_Legacy
2023-06-05,24.200000762939453,Yahoo_Legacy
2023-06-06,24.3700008392334,Yahoo_Legacy
2023-06-07,24.309999465942383,Yahoo_Legacy
2023-06-08,23.799999237060547,Yahoo_Legacy
2023-06-09,23.719999313354492,Yahoo_Legacy
2023-06-12,23.889999389648438,Yahoo_Legacy
2023-06-13,23.700000762939453,Yahoo_Legacy
2023-06-14,23.700000762939453,Yahoo_Legacy
2023-06-15,23.06999969482422,Yahoo_Legacy
2023-06-16,23.010000228881836,Yahoo_Legacy
2023-06-19,22.850000381469727,Yahoo_Legacy
2023-06-20,22.6299991607666,Yahoo_Legacy
2023-06-21,22.979999542236328,Yahoo_Legacy
2023-06-22,23.3799991607666,Yahoo_Legacy
2023-06-23,14.649999618530273,Yahoo_Legacy
2023-06-26,14.350000381469727,Yahoo_Legacy
2023-06-27,14.680000305175781,Yahoo_Legacy
2023-06-28,15.670000076293945,Yahoo_Legacy
2023-06-29,15.699999809265137,Yahoo_Legacy
2023-06-30,16.18000030517578,Yahoo_Legacy
2023-07-03,16.344999313354492,Yahoo_Legacy
2023-07-04,16.059999465942383,Yahoo_Legacy
2023-07-05,15.154999732971191,Yahoo_Legacy
2023-07-06,14.925000190734863,Yahoo_Legacy
2023-07-07,14.90999984741211,Yahoo_Legacy
2023-07-10,15.119999885559082,Yahoo_Legacy
2023-07-11,15.274999618530273,Yahoo_Legacy
2023-07-12,15.569999694824219,Yahoo_Legacy
2023-07-13,15.6899995803833,Yahoo_Legacy
2023-07-14,15.444999694824219,Yahoo_Legacy
2023-07-17,15.444999694824219,Yahoo_Legacy
2023-07-18,15.5649995803833,Yahoo_Legacy
2023-07-19,15.579999923706055,Yahoo_Legacy
2023-07-20,15.489999771118164,Yahoo_Legacy
2023-07-21,15.414999961853027,Yahoo_Legacy
2023-07-24,15.545000076293945,Yahoo_Legacy
2023-07-25,15.829999923706055,Yahoo_Legacy
2023-07-26,15.930000305175781,Yahoo_Legacy
2023-07-27,15.859999656677246,Yahoo_Legacy
2023-07-28,15.795000076293945,Yahoo_Legacy
2023-07-31,15.390000343322754,Yahoo_Legacy
2023-08-01,15.46500015258789,Yahoo_Legacy
2023-08-02,15.720000267028809,Yahoo_Legacy
2023-08-03,15.6850004196167,Yahoo_Legacy
2023-08-04,15.555000305175781,Yahoo_Legacy
2023-08-07,14.600000381469727,Yahoo_Legacy
2023-08-08,14.385000228881836,Yahoo_Legacy
2023-08-09,13.994999885559082,Yahoo_Legacy
2023-08-10,13.5600004196167,Yahoo_Legacy
2023-08-11,13.779999732971191,Yahoo_Legacy
2023-08-14,13.694999694824219,Yahoo_Legacy
2023-08-15,13.420000076293945,Yahoo_Legacy
2023-08-16,13.53499984741211,Yahoo_Legacy
2023-08-17,13.449999809265137,Yahoo_Legacy
2023-08-18,13.119999885559082,Yahoo_Legacy
2023-08-21,12.890000343322754,Yahoo_Legacy
2023-08-22,13.194999694824219,Yahoo_Legacy
2023-08-23,13.020000457763672,Yahoo_Legacy
2023-08-24,12.944999694824219,Yahoo_Legacy
2023-08-25,12.920000076293945,Yahoo_Legacy
2023-08-28,13.119999885559082,Yahoo_Legacy
2023-08-29,13.475000381469727,Yahoo_Legacy
2023-08-30,13.024999618530273,Yahoo_Legacy
2023-08-31,13.15999984741211,Yahoo_Legacy
2023-09-01,13.039999961853027,Yahoo_Legacy
2023-09-04,13.029999732971191,Yahoo_Legacy
2023-09-05,12.5600004196167,Yahoo_Legacy
2023-09-06,12.640000343322754,Yahoo_Legacy
2023-09-07,12.404999732971191,Yahoo_Legacy
2023-09-08,12.220000267028809,Yahoo_Legacy
2023-09-11,12.395000457763672,Yahoo_Legacy
2023-09-12,12.239999771118164,Yahoo_Legacy
2023-09-13,12.395000457763672,Yahoo_Legacy
2023-09-14,12.914999961853027,Yahoo_Legacy
2023-09-15,12.899999618530273,Yahoo_Legacy
2023-09-18,12.585000038146973,Yahoo_Legacy
2023-09-19,12.550000190734863,Yahoo_Legacy
2023-09-20,12.625,Yahoo_Legacy
2023-09-21,12.234999656677246,Yahoo_Legacy
2023-09-22,12.345000267028809,Yahoo_Legacy
2023-09-25,12.4350004196167,Yahoo_Legacy
2023-09-26,11.920000076293945,Yahoo_Legacy
2023-09-27,12.1899995803833,Yahoo_Legacy
2023-09-28,12.109999656677246,Yahoo_Legacy
2023-09-29,12.380000114440918,Yahoo_Legacy
2023-10-02,12.135000228881836,Yahoo_Legacy
2023-10-03,11.734999656677246,Yahoo_Legacy
2023-10-04,11.604999542236328,Yahoo_Legacy
2023-10-05,11.574999809265137,Yahoo_Legacy
2023-10-06,11.454999923706055,Yahoo_Legacy
2023-10-09,11.585000038146973,Yahoo_Legacy
2023-10-10,11.984999656677246,Yahoo_Legacy
2023-10-11,12.199999809265137,Yahoo_Legacy
2023-10-12,12.0,Yahoo_Legacy
2023-10-13,11.59000015258789,Yahoo_Legacy
2023-10-16,11.65999984741211,Yahoo_Legacy
2023-10-17,11.609999656677246,Yahoo_Legacy
2023-10-18,11.430000305175781,Yahoo_Legacy
2023-10-19,11.244999885559082,Yahoo_Legacy
2023-10-20,10.869999885559082,Yahoo_Legacy
2023-10-23,10.6850004196167,Yahoo_Legacy
2023-10-24,10.835000038146973,Yahoo_Legacy
2023-10-25,10.649999618530273,Yahoo_Legacy
2023-10-26,6.869999885559082,Yahoo_Legacy
2023-10-27,7.48799991607666,Yahoo_Legacy
2023-10-30,8.435999870300293,Yahoo_Legacy
2023-10-31,8.369999885559082,Yahoo_Legacy
2023-11-01,8.253999710083008,Yahoo_Legacy
2023-11-02,8.781999588012695,Yahoo_Legacy
2023-11-03,9.545999526977539,Yahoo_Legacy
2023-11-06,9.38599967956543,Yahoo_Legacy
2023-11-07,9.324000358581543,Yahoo_Legacy
2023-11-08,9.105999946594238,Yahoo_Legacy
2023-11-09,9.680000305175781,Yahoo_Legacy
2023-11-10,9.390000343322754,Yahoo_Legacy
2023-11-13,9.956000328063965,Yahoo_Legacy
2023-11-14,10.25,Yahoo_Legacy
2023-11-15,11.149999618530273,Yahoo_Legacy
2023-11-16,10.859999656677246,Yahoo_Legacy
2023-11-17,11.680000305175781,Yahoo_Legacy
2023-11-20,11.920000076293945,Yahoo_Legacy
2023-11-21,10.975000381469727,Yahoo_Legacy
2023-11-22,10.885000228881836,Yahoo_Legacy
2023-11-23,10.84000015258789,Yahoo_Legacy
2023-11-24,10.84000015258789,Yahoo_Legacy
2023-11-27,10.805000305175781,Yahoo_Legacy
2023-11-28,10.524999618530273,Yahoo_Legacy
2023-11-29,10.765000343322754,Yahoo_Legacy
2023-11-30,10.880000114440918,Yahoo_Legacy
2023-12-01,11.335000038146973,Yahoo_Legacy
2023-12-04,11.300000190734863,Yahoo_Legacy
2023-12-05,11.635000228881836,Yahoo_Legacy
2023-12-06,11.850000381469727,Yahoo_Legacy
2023-12-07,11.619999885559082,Yahoo_Legacy
2023-12-08,11.364999771118164,Yahoo_Legacy
2023-12-11,11.085000038146973,Yahoo_Legacy
2023-12-12,10.619999885559082,Yahoo_Legacy
2023-12-13,10.279999732971191,Yahoo_Legacy
2023-12-14,11.244999885559082,Yahoo_Legacy
2023-12-15,11.375,Yahoo_Legacy
2023-12-18,11.005000114440918,Yahoo_Legacy
2023-12-19,11.09000015258789,Yahoo_Legacy
2023-12-20,11.40999984741211,Yahoo_Legacy
2023-12-21,11.414999961853027,Yahoo_Legacy
2023-12-22,11.300000190734863,Yahoo_Legacy
2023-12-27,11.914999961853027,Yahoo_Legacy
2023-12-28,11.800000190734863,Yahoo_Legacy
2023-12-29,12.0,Yahoo_Legacy
2024-01-02,11.885000228881836,Yahoo_Legacy
2024-01-03,11.125,Yahoo_Legacy
2024-01-04,11.399999618530273,Yahoo_Legacy
2024-01-05,11.524999618530273,Yahoo_Legacy
2024-01-08,12.130000114440918,Yahoo_Legacy
2024-01-09,12.015000343322754,Yahoo_Legacy
2024-01-10,12.255000114440918,Yahoo_Legacy
2024-01-11,12.010000228881836,Yahoo_Legacy
2024-01-12,12.444999694824219,Yahoo_Legacy
2024-01-15,12.125,Yahoo_Legacy
2024-01-16,11.734999656677246,Yahoo_Legacy
2024-01-17,11.329999923706055,Yahoo_Legacy
2024-01-18,11.720000267028809,Yahoo_Legacy
2024-01-19,11.829999923706055,Yahoo_Legacy
2024-01-22,11.96500015258789,Yahoo_Legacy
2024-01-23,12.414999961853027,Yahoo_Legacy
2024-01-24,13.5649995803833,Yahoo_Legacy
2024-01-25,13.479999542236328,Yahoo_Legacy
2024-01-26,13.725000381469727,Yahoo_Legacy
2024-01-29,13.755000114440918,Yahoo_Legacy
2024-01-30,13.930000305175781,Yahoo_Legacy
2024-01-31,13.96500015258789,Yahoo_Legacy
2024-02-01,13.890000343322754,Yahoo_Legacy
2024-02-02,13.880000114440918,Yahoo_Legacy
2024-02-05,13.795000076293945,Yahoo_Legacy
2024-02-06,14.239999771118164,Yahoo_Legacy
2024-02-07,14.369999885559082,Yahoo_Legacy
2024-02-08,13.90999984741211,Yahoo_Legacy
2024-02-09,13.720000267028809,Yahoo_Legacy
2024-02-12,14.505000114440918,Yahoo_Legacy
2024-02-13,14.194999694824219,Yahoo_Legacy
2024-02-14,14.079999923706055,Yahoo_Legacy
2024-02-15,13.835000038146973,Yahoo_Legacy
2024-02-16,13.895000457763672,Yahoo_Legacy
2024-02-19,14.0,Yahoo_Legacy
2024-02-20,13.430000305175781,Yahoo_Legacy
2024-02-21,13.880000114440918,Yahoo_Legacy
2024-02-22,13.899999618530273,Yahoo_Legacy
2024-02-23,13.729999542236328,Yahoo_Legacy
2024-02-26,13.890000343322754,Yahoo_Legacy
2024-02-27,14.050000190734863,Yahoo_Legacy
2024-02-28,13.930000305175781,Yahoo_Legacy
2024-02-29,14.204999923706055,Yahoo_Legacy
2024-03-01,14.350000381469727,Yahoo_Legacy
2024-03-04,14.050000190734863,Yahoo_Legacy
2024-03-05,13.774999618530273,Yahoo_Legacy
2024-03-06,13.9399995803833,Yahoo_Legacy
2024-03-07,14.265000343322754,Yahoo_Legacy
2024-03-08,14.170000076293945,Yahoo_Legacy
2024-03-11,14.25,Yahoo_Legacy
2024-03-12,14.1899995803833,Yahoo_Legacy
2024-03-13,13.925000190734863,Yahoo_Legacy
2024-03-14,14.40999984741211,Yahoo_Legacy
2024-03-15,14.420000076293945,Yahoo_Legacy
2024-03-18,14.829999923706055,Yahoo_Legacy
2024-03-19,14.864999771118164,Yahoo_Legacy
2024-03-20,14.854999542236328,Yahoo_Legacy
2024-03-21,15.854999542236328,Yahoo_Legacy
2024-03-22,16.524999618530273,Yahoo_Legacy
2024-03-25,16.559999465942383,Yahoo_Legacy
2024-03-26,16.3700008392334,Yahoo_Legacy
2024-03-27,16.46500015258789,Yahoo_Legacy
2024-03-28,17.0049991607666,Yahoo_Legacy
2024-04-02,17.399999618530273,Yahoo_Legacy
2024-04-03,17.549999237060547,Yahoo_Legacy
2024-04-04,18.225000381469727,Yahoo_Legacy
2024-04-05,17.729999542236328,Yahoo_Legacy
2024-04-08,18.315000534057617,Yahoo_Legacy
2024-04-09,17.81999969482422,Yahoo_Legacy
2024-04-10,17.815000534057617,Yahoo_Legacy
2024-04-11,17.420000076293945,Yahoo_Legacy
2024-04-12,17.625,Yahoo_Legacy
2024-04-15,17.645000457763672,Yahoo_Legacy
2024-04-16,17.415000915527344,Yahoo_Legacy
2024-04-17,17.760000228881836,Yahoo_Legacy
2024-04-18,17.844999313354492,Yahoo_Legacy
2024-04-19,17.6200008392334,Yahoo_Legacy
2024-04-22,17.770000457763672,Yahoo_Legacy
2024-04-23,17.760000228881836,Yahoo_Legacy
2024-04-24,17.780000686645508,Yahoo_Legacy
2024-04-25,17.799999237060547,Yahoo_Legacy
2024-04-26,18.850000381469727,Yahoo_Legacy
2024-04-29,19.125,Yahoo_Legacy
2024-04-30,19.299999237060547,Yahoo_Legacy
2024-05-02,19.2549991607666,Yahoo_Legacy
2024-05-03,19.780000686645508,Yahoo_Legacy
2024-05-06,20.040000915527344,Yahoo_Legacy
2024-05-07,20.0,Yahoo_Legacy
2024-05-08,22.559999465942383,Yahoo_Legacy
2024-05-09,23.299999237060547,Yahoo_Legacy
2024-05-10,24.280000686645508,Yahoo_Legacy
2024-05-13,24.190000534057617,Yahoo_Legacy
2024-05-14,24.139999389648438,Yahoo_Legacy
2024-05-15,25.709999084472656,Yahoo_Legacy
2024-05-16,25.420000076293945,Yahoo_Legacy
2024-05-17,25.0,Yahoo_Legacy
2024-05-20,24.350000381469727,Yahoo_Legacy
2024-05-21,24.0,Yahoo_Legacy
2024-05-22,23.940000534057617,Yahoo_Legacy
2024-05-23,24.56999969482422,Yahoo_Legacy
2024-05-24,25.59000015258789,Yahoo_Legacy
2024-05-27,25.81999969482422,Yahoo_Legacy
2024-05-28,26.829999923706055,Yahoo_Legacy
2024-05-29,25.799999237060547,Yahoo_Legacy
2024-05-30,26.030000686645508,Yahoo_Legacy
2024-05-31,24.81999969482422,Yahoo_Legacy
2024-06-03,25.360000610351562,Yahoo_Legacy
2024-06-04,23.90999984741211,Yahoo_Legacy
2024-06-05,23.959999084472656,Yahoo_Legacy
2024-06-06,23.219999313354492,Yahoo_Legacy
2024-06-07,23.020000457763672,Yahoo_Legacy
2024-06-10,23.5,Yahoo_Legacy
2024-06-11,23.309999465942383,Yahoo_Legacy
2024-06-12,24.020000457763672,Yahoo_Legacy
2024-06-13,23.389999389648438,Yahoo_Legacy
2024-06-14,23.239999771118164,Yahoo_Legacy
2024-06-17,23.280000686645508,Yahoo_Legacy
2024-06-18,23.68000030517578,Yahoo_Legacy
2024-06-19,24.09000015258789,Yahoo_Legacy
2024-06-20,24.920000076293945,Yahoo_Legacy
2024-06-21,23.6299991607666,Yahoo_Legacy
2024-06-24,24.579999923706055,Yahoo_Legacy
2024-06-25,24.43000030517578,Yahoo_Legacy
2024-06-26,24.479999542236328,Yahoo_Legacy
2024-06-27,24.479999542236328,Yahoo_Legacy
2024-06-28,24.309999465942383,Yahoo_Legacy
2024-07-01,24.15999984741211,Yahoo_Legacy
2024-07-02,25.06999969482422,Yahoo_Legacy
2024-07-03,25.950000762939453,Yahoo_Legacy
2024-07-04,26.239999771118164,Yahoo_Legacy
2024-07-05,26.3700008392334,Yahoo_Legacy
2024-07-08,26.8700008392334,Yahoo_Legacy
2024-07-09,26.6200008392334,Yahoo_Legacy
2024-07-10,27.200000762939453,Yahoo_Legacy
2024-07-11,27.799999237060547,Yahoo_Legacy
2024-07-12,27.75,Yahoo_Legacy
2024-07-15,26.3799991607666,Yahoo_Legacy
2024-07-16,26.600000381469727,Yahoo_Legacy
2024-07-17,25.440000534057617,Yahoo_Legacy
2024-07-18,24.850000381469727,Yahoo_Legacy
2024-07-19,25.43000030517578,Yahoo_Legacy
2024-07-22,25.84000015258789,Yahoo_Legacy
2024-07-23,26.280000686645508,Yahoo_Legacy
2024-07-24,25.719999313354492,Yahoo_Legacy
2024-07-25,24.8700008392334,Yahoo_Legacy
2024-07-26,25.399999618530273,Yahoo_Legacy
2024-07-29,25.329999923706055,Yahoo_Legacy
2024-07-30,25.40999984741211,Yahoo_Legacy
2024-07-31,26.90999984741211,Yahoo_Legacy
2024-08-01,26.1299991607666,Yahoo_Legacy
2024-08-02,24.18000030517578,Yahoo_Legacy
2024-08-05,23.670000076293945,Yahoo_Legacy
2024-08-06,24.459999084472656,Yahoo_Legacy
2024-08-07,24.389999389648438,Yahoo_Legacy
2024-08-08,24.389999389648438,Yahoo_Legacy
2024-08-09,24.190000534057617,Yahoo_Legacy
2024-08-12,24.25,Yahoo_Legacy
2024-08-13,24.719999313354492,Yahoo_Legacy
2024-08-14,24.850000381469727,Yahoo_Legacy
2024-08-15,25.200000762939453,Yahoo_Legacy
2024-08-16,25.170000076293945,Yahoo_Legacy
2024-08-19,25.40999984741211,Yahoo_Legacy
2024-08-20,24.520000457763672,Yahoo_Legacy
2024-08-21,24.65999984741211,Yahoo_Legacy
2024-08-22,25.06999969482422,Yahoo_Legacy
2024-08-23,25.75,Yahoo_Legacy
2024-08-26,25.549999237060547,Yahoo_Legacy
2024-08-27,25.290000915527344,Yahoo_Legacy
2024-08-28,25.389999389648438,Yahoo_Legacy
2024-08-29,25.600000381469727,Yahoo_Legacy
2024-08-30,26.049999237060547,Yahoo_Legacy
2024-09-02,26.260000228881836,Yahoo_Legacy
2024-09-03,25.610000610351562,Yahoo_Legacy
2024-09-04,25.719999313354492,Yahoo_Legacy
2024-09-05,25.549999237060547,Yahoo_Legacy
2024-09-06,23.84000015258789,Yahoo_Legacy
2024-09-09,24.600000381469727,Yahoo_Legacy
2024-09-10,24.920000076293945,Yahoo_Legacy
2024-09-11,25.389999389648438,Yahoo_Legacy
2024-09-12,26.690000534057617,Yahoo_Legacy
2024-09-13,26.690000534057617,Yahoo_Legacy
2024-09-16,29.110000610351562,Yahoo_Legacy
2024-09-17,30.350000381469727,Yahoo_Legacy
2024-09-18,31.190000534057617,Yahoo_Legacy
2024-09-19,32.04999923706055,Yahoo_Legacy
2024-09-20,32.29999923706055,Yahoo_Legacy
2024-09-23,33.22999954223633,Yahoo_Legacy
2024-09-24,33.08000183105469,Yahoo_Legacy
2024-09-25,33.66999816894531,Yahoo_Legacy
2024-09-26,33.349998474121094,Yahoo_Legacy
2024-09-27,32.900001525878906,Yahoo_Legacy
2024-09-30,33.06999969482422,Yahoo_Legacy
2024-10-01,33.95000076293945,Yahoo_Legacy
2024-10-02,33.9900016784668,Yahoo_Legacy
2024-10-03,34.189998626708984,Yahoo_Legacy
2024-10-04,35.349998474121094,Yahoo_Legacy
2024-10-07,35.25,Yahoo_Legacy
2024-10-08,35.25,Yahoo_Legacy
2024-10-09,35.619998931884766,Yahoo_Legacy
2024-10-10,35.619998931884766,Yahoo_Legacy
2024-10-11,35.83000183105469,Yahoo_Legacy
2024-10-14,36.119998931884766,Yahoo_Legacy
2024-10-15,34.66999816894531,Yahoo_Legacy
2024-10-16,35.0099983215332,Yahoo_Legacy
2024-10-17,36.47999954223633,Yahoo_Legacy
2024-10-18,36.52000045776367,Yahoo_Legacy
2024-10-21,36.619998931884766,Yahoo_Legacy
2024-10-22,36.47999954223633,Yahoo_Legacy
2024-10-23,36.2400016784668,Yahoo_Legacy
2024-10-24,37.0,Yahoo_Legacy
2024-10-25,38.349998474121094,Yahoo_Legacy
2024-10-28,37.95000076293945,Yahoo_Legacy
2024-10-29,38.08000183105469,Yahoo_Legacy
2024-10-30,37.869998931884766,Yahoo_Legacy
2024-10-31,37.529998779296875,Yahoo_Legacy
2024-11-01,37.529998779296875,Yahoo_Legacy
2024-11-04,38.650001525878906,Yahoo_Legacy
2024-11-05,38.95000076293945,Yahoo_Legacy
2024-11-06,38.2599983215332,Yahoo_Legacy
2024-11-07,38.5099983215332,Yahoo_Legacy
2024-11-08,39.52000045776367,Yahoo_Legacy
2024-11-11,40.68000030517578,Yahoo_Legacy
2024-11-12,38.95000076293945,Yahoo_Legacy
2024-11-13,46.33000183105469,Yahoo_Legacy
2024-11-14,46.209999084472656,Yahoo_Legacy
2024-11-15,46.209999084472656,Yahoo_Legacy
2024-11-18,46.209999084472656,Yahoo_Legacy
2024-11-19,45.70000076293945,Yahoo_Legacy
2024-11-20,45.619998931884766,Yahoo_Legacy
2024-11-21,47.27000045776367,Yahoo_Legacy
2024-11-22,48.349998474121094,Yahoo_Legacy
2024-11-25,48.349998474121094,Yahoo_Legacy
2024-11-26,48.36000061035156,Yahoo_Legacy
2024-11-27,48.56999969482422,Yahoo_Legacy
2024-11-28,48.56999969482422,Yahoo_Legacy
2024-11-29,51.02000045776367,Yahoo_Legacy
2024-12-02,51.5,Yahoo_Legacy
2024-12-03,51.2400016784668,Yahoo_Legacy
2024-12-04,51.5,Yahoo_Legacy
2024-12-05,53.02000045776367,Yahoo_Legacy
2024-12-06,51.86000061035156,Yahoo_Legacy
2024-12-09,51.63999938964844,Yahoo_Legacy
2024-12-10,51.63999938964844,Yahoo_Legacy
2024-12-11,51.060001373291016,Yahoo_Legacy
2024-12-12,49.060001373291016,Yahoo_Legacy
2024-12-13,48.880001068115234,Yahoo_Legacy
2024-12-16,51.099998474121094,Yahoo_Legacy
2024-12-17,51.099998474121094,Yahoo_Legacy
2024-12-18,51.220001220703125,Yahoo_Legacy
2024-12-19,50.0,Yahoo_Legacy
2024-12-20,50.70000076293945,Yahoo_Legacy
2024-12-23,51.119998931884766,Yahoo_Legacy
2024-12-27,50.08000183105469,Yahoo_Legacy
2024-12-30,50.08000183105469,Yahoo_Legacy
2025-01-02,50.84000015258789,Yahoo_Legacy
2025-01-03,51.97999954223633,Yahoo_Legacy
2025-01-06,54.52000045776367,Yahoo_Legacy
2025-01-07,53.70000076293945,Yahoo_Legacy
2025-01-08,53.70000076293945,Yahoo_Legacy
2025-01-09,51.900001525878906,Yahoo_Legacy
2025-01-10,49.5,Yahoo_Legacy
2025-01-13,49.22999954223633,Yahoo_Legacy
2025-01-14,50.84000015258789,Yahoo_Legacy
2025-01-15,52.220001220703125,Yahoo_Legacy
2025-01-16,50.34000015258789,Yahoo_Legacy
2025-01-17,50.34000015258789,Yahoo_Legacy
2025-01-20,50.34000015258789,Yahoo_Legacy
2025-01-21,50.34000015258789,Yahoo_Legacy
2025-01-22,55.13999938964844,Yahoo_Legacy
2025-01-23,58.79999923706055,Yahoo_Legacy
2025-01-24,58.79999923706055,Yahoo_Legacy
2025-01-27,48.31999969482422,Yahoo_Legacy
2025-01-28,51.959999084472656,Yahoo_Legacy
2025-01-29,54.52000045776367,Yahoo_Legacy
2025-01-30,56.720001220703125,Yahoo_Legacy
2025-01-31,57.84000015258789,Yahoo_Legacy
2025-02-03,55.47999954223633,Yahoo_Legacy
2025-02-04,54.119998931884766,Yahoo_Legacy
2025-02-05,55.5,Yahoo_Legacy
2025-02-06,56.880001068115234,Yahoo_Legacy
2025-02-07,57.099998474121094,Yahoo_Legacy
2025-02-10,57.099998474121094,Yahoo_Legacy
2025-02-11,57.29999923706055,Yahoo_Legacy
2025-02-12,60.13999938964844,Yahoo_Legacy
2025-02-13,62.34000015258789,Yahoo_Legacy
2025-02-14,61.540000915527344,Yahoo_Legacy
2025-02-17,63.599998474121094,Yahoo_Legacy
2025-02-18,63.599998474121094,Yahoo_Legacy
2025-02-19,60.65999984741211,Yahoo_Legacy
2025-02-20,59.86000061035156,Yahoo_Legacy
2025-02-21,59.86000061035156,Yahoo_Legacy
2025-02-24,55.619998931884766,Yahoo_Legacy
2025-02-25,51.540000915527344,Yahoo_Legacy
2025-02-26,51.540000915527344,Yahoo_Legacy
2025-02-27,55.279998779296875,Yahoo_Legacy
2025-02-28,54.939998626708984,Yahoo_Legacy
2025-03-03,55.459999084472656,Yahoo_Legacy
2025-03-04,51.099998474121094,Yahoo_Legacy
2025-03-05,55.2599983215332,Yahoo_Legacy
2025-03-06,58.47999954223633,Yahoo_Legacy
2025-03-07,55.65999984741211,Yahoo_Legacy
2025-03-10,50.560001373291016,Yahoo_Legacy
2025-03-11,53.08000183105469,Yahoo_Legacy
2025-03-12,57.84000015258789,Yahoo_Legacy
2025-03-13,57.939998626708984,Yahoo_Legacy
2025-03-14,59.2599983215332,Yahoo_Legacy
2025-03-17,59.2599983215332,Yahoo_Legacy
2025-03-18,60.84000015258789,Yahoo_Legacy
2025-03-19,62.959999084472656,Yahoo_Legacy
2025-03-20,61.34000015258789,Yahoo_Legacy
2025-03-21,61.81999969482422,Yahoo_Legacy
2025-03-24,61.81999969482422,Yahoo_Legacy
2025-03-25,59.63999938964844,Yahoo_Legacy
2025-03-26,60.68000030517578,Yahoo_Legacy
2025-03-27,57.68000030517578,Yahoo_Legacy
2025-03-28,55.29999923706055,Yahoo_Legacy
2025-03-31,53.84000015258789,Yahoo_Legacy
2025-04-01,55.84000015258789,Yahoo_Legacy
2025-04-02,56.41999816894531,Yahoo_Legacy
2025-04-03,53.2599983215332,Yahoo_Legacy
2025-04-04,49.5,Yahoo_Legacy
2025-04-07,48.560001373291016,Yahoo_Legacy
2025-04-08,51.220001220703125,Yahoo_Legacy
2025-04-09,50.70000076293945,Yahoo_Legacy
2025-04-10,52.97999954223633,Yahoo_Legacy
2025-04-11,53.7400016784668,Yahoo_Legacy
2025-04-14,56.86000061035156,Yahoo_Legacy
2025-04-15,56.86000061035156,Yahoo_Legacy
2025-04-16,57.720001220703125,Yahoo_Legacy
2025-04-17,63.79999923706055,Yahoo_Legacy
2025-04-22,63.81999969482422,Yahoo_Legacy
2025-04-23,65.27999877929688,Yahoo_Legacy
2025-04-24,66.55999755859375,Yahoo_Legacy
2025-04-25,67.91999816894531,Yahoo_Legacy
2025-04-28,68.23999786376953,Yahoo_Legacy
2025-04-29,68.23999786376953,Yahoo_Legacy
2025-04-30,67.54000091552734,Yahoo_Legacy
2025-05-02,72.5999984741211,Yahoo_Legacy
2025-05-05,73.33999633789062,Yahoo_Legacy
2025-05-06,72.91999816894531,Yahoo_Legacy
2025-05-07,70.9800033569336,Yahoo_Legacy
2025-05-08,73.33999633789062,Yahoo_Legacy
2025-05-09,74.76000213623047,Yahoo_Legacy
2025-05-12,75.62000274658203,Yahoo_Legacy
2025-05-13,75.04000091552734,Yahoo_Legacy
2025-05-14,75.04000091552734,Yahoo_Legacy
2025-05-15,76.0199966430664,Yahoo_Legacy
2025-05-16,76.0199966430664,Yahoo_Legacy
2025-05-19,78.13999938964844,Yahoo_Legacy
2025-05-20,78.73999786376953,Yahoo_Legacy
2025-05-21,79.16000366210938,Yahoo_Legacy
2025-05-22,81.68000030517578,Yahoo_Legacy
2025-05-23,81.69999694824219,Yahoo_Legacy
2025-05-26,83.23999786376953,Yahoo_Legacy
2025-05-27,85.4000015258789,Yahoo_Legacy
2025-05-28,85.72000122070312,Yahoo_Legacy
2025-05-29,84.72000122070312,Yahoo_Legacy
2025-05-30,85.5,Yahoo_Legacy
2025-06-02,87.16000366210938,Yahoo_Legacy
2025-06-03,88.91999816894531,Yahoo_Legacy
2025-06-04,88.5199966430664,Yahoo_Legacy
2025-06-05,88.5199966430664,Yahoo_Legacy
2025-06-06,88.5199966430664,Yahoo_Legacy
2025-06-09,88.5199966430664,Yahoo_Legacy
2025-06-10,83.0199966430664,Yahoo_Legacy
2025-06-11,85.55999755859375,Yahoo_Legacy
2025-06-12,85.69999694824219,Yahoo_Legacy
2025-06-13,84.81999969482422,Yahoo_Legacy
2025-06-16,88.69999694824219,Yahoo_Legacy
2025-06-17,88.63999938964844,Yahoo_Legacy
2025-06-18,87.81999969482422,Yahoo_Legacy
2025-06-19,86.5199966430664,Yahoo_Legacy
2025-06-20,87.41999816894531,Yahoo_Legacy
2025-06-23,87.31999969482422,Yahoo_Legacy
2025-06-24,91.12000274658203,Yahoo_Legacy
2025-06-25,92.4000015258789,Yahoo_Legacy
2025-06-26,92.9000015258789,Yahoo_Legacy
2025-06-27,95.5,Yahoo_Legacy
2025-06-30,98.05999755859375,Yahoo_Legacy
2025-07-01,92.37999725341797,Yahoo_Legacy
2025-07-02,91.62000274658203,Yahoo_Legacy
2025-07-03,92.54000091552734,Yahoo_Legacy
2025-07-04,92.55999755859375,Yahoo_Legacy
2025-07-07,94.94000244140625,Yahoo_Legacy
2025-07-08,91.5199966430664,Yahoo_Legacy
2025-07-09,92.4000015258789,Yahoo_Legacy
2025-07-10,89.9800033569336,Yahoo_Legacy
2025-07-11,91.68000030517578,Yahoo_Legacy
2025-07-14,92.04000091552734,Yahoo_Legacy
2025-07-15,93.22000122070312,Yahoo_Legacy
2025-07-16,93.22000122070312,Yahoo_Legacy
2025-07-17,95.54000091552734,Yahoo_Legacy
2025-07-18,94.0199966430664,Yahoo_Legacy
2025-07-21,94.0199966430664,Yahoo_Legacy
2025-07-22,91.04000091552734,Yahoo_Legacy
2025-07-23,91.04000091552734,Yahoo_Legacy
2025-07-24,97.16000366210938,Yahoo_Legacy
2025-07-25,96.86000061035156,Yahoo_Legacy
2025-07-28,95.0199966430664,Yahoo_Legacy
2025-07-29,97.9000015258789,Yahoo_Legacy
2025-07-30,102.0,Yahoo_Legacy
2025-07-31,102.0,Yahoo_Legacy
2025-08-01,97.91999816894531,Yahoo_Legacy
2025-08-04,99.08000183105469,Yahoo_Legacy
2025-08-05,97.63999938964844,Yahoo_Legacy
2025-08-06,98.66000366210938,Yahoo_Legacy
2025-08-07,96.30000305175781,Yahoo_Legacy
2025-08-08,96.0,Yahoo_Legacy
2025-08-11,99.5199966430664,Yahoo_Legacy
2025-08-12,99.5199966430664,Yahoo_Legacy
2025-08-13,98.4800033569336,Yahoo_Legacy
2025-08-14,98.4800033569336,Yahoo_Legacy
2025-08-15,94.83999633789062,Yahoo_Legacy
2025-08-18,96.81999969482422,Yahoo_Legacy
2025-08-19,94.4800033569336,Yahoo_Legacy
2025-08-20,91.76000213623047,Yahoo_Legacy
2025-08-21,93.0,Yahoo_Legacy
2025-08-22,92.9000015258789,Yahoo_Legacy
2025-08-25,91.68000030517578,Yahoo_Legacy
2025-08-26,93.81999969482422,Yahoo_Legacy
2025-08-27,91.27999877929688,Yahoo_Legacy
2025-08-28,92.41999816894531,Yahoo_Legacy
2025-08-29,90.72000122070312,Yahoo_Legacy
2025-09-01,89.62000274658203,Yahoo_Legacy
2025-09-02,84.4000015258789,Yahoo_Legacy
2025-09-03,85.94000244140625,Yahoo_Legacy
2025-09-04,89.12000274658203,Yahoo_Legacy
2025-09-05,87.58000183105469,Yahoo_Legacy
2025-09-08,87.58000183105469,Yahoo_Legacy
2025-09-09,90.9800033569336,Yahoo_Legacy
2025-09-10,95.13999938964844,Yahoo_Legacy
2025-09-11,94.05999755859375,Yahoo_Legacy
2025-09-12,93.16000366210938,Yahoo_Legacy
2025-09-15,95.73999786376953,Yahoo_Legacy
2025-09-16,94.04000091552734,Yahoo_Legacy
2025-09-17,92.0,Yahoo_Legacy
2025-09-18,95.18000030517578,Yahoo_Legacy
2025-09-19,95.23999786376953,Yahoo_Legacy
2025-09-22,95.23999786376953,Yahoo_Legacy
2025-09-23,96.45999908447266,Yahoo_Legacy
2025-09-24,98.66000366210938,Yahoo_Legacy
2025-09-25,97.16000366210938,Yahoo_Legacy
2025-09-26,98.72000122070312,Yahoo_Legacy
2025-09-29,99.0999984741211,Yahoo_Legacy
2025-09-30,99.0999984741211,Yahoo_Legacy
2025-10-01,104.1500015258789,Yahoo_Legacy
2025-10-02,108.44999694824219,Yahoo_Legacy
2025-10-03,106.05000305175781,Yahoo_Legacy
2025-10-06,106.05000305175781,Yahoo_Legacy
2025-10-07,104.9000015258789,Yahoo_Legacy
2025-10-08,104.9000015258789,Yahoo_Legacy
2025-10-09,109.75,Yahoo_Legacy
2025-10-10,106.0,Yahoo_Legacy
2025-10-13,108.5,Yahoo_Legacy
2025-10-14,106.1500015258789,Yahoo_Legacy
2025-10-15,105.9000015258789,Yahoo_Legacy
2025-10-16,105.30000305175781,Yahoo_Legacy
2025-10-17,100.9000015258789,Yahoo_Legacy
2025-10-20,101.94999694824219,Yahoo_Legacy
2025-10-21,99.4800033569336,Yahoo_Legacy
2025-10-22,95.80000305175781,Yahoo_Legacy
2025-10-23,98.87999725341797,Yahoo_Legacy
2025-10-24,103.80000305175781,Yahoo_Legacy
2025-10-27,103.0,Yahoo_Legacy
2025-10-28,103.94999694824219,Yahoo_Legacy
2025-10-29,106.8499984741211,Yahoo_Legacy
2025-10-30,106.0999984741211,Yahoo_Legacy
2025-10-31,107.30000305175781,Yahoo_Legacy
2025-11-03,107.30000305175781,Yahoo_Legacy
2025-11-04,109.5,Yahoo_Legacy
2025-11-05,107.25,Yahoo_Legacy
2025-11-06,107.25,Yahoo_Legacy
2025-11-07,107.25,Yahoo_Legacy
2025-11-10,106.5,Yahoo_Legacy
2025-11-11,107.5,Yahoo_Legacy
2025-11-12,107.3499984741211,Yahoo_Legacy
2025-11-13,107.3499984741211,Yahoo_Legacy
2025-11-14,110.5,Yahoo_Legacy
2025-11-17,114.25,Yahoo_Legacy
2025-11-18,106.94999694824219,Yahoo_Legacy
2025-11-19,108.94999694824219,Yahoo_Legacy
2025-11-20,112.0999984741211,Yahoo_Legacy
2025-11-21,100.80000305175781,Yahoo_Legacy
2025-11-24,100.80000305175781,Yahoo_Legacy
2025-11-25,106.8499984741211,Yahoo_Legacy
2025-11-26,106.8499984741211,Yahoo_Legacy
2025-11-27,114.4000015258789,Yahoo_Legacy
2025-11-28,115.30000305175781,Yahoo_Legacy
2025-12-01,112.55000305175781,Yahoo_Legacy
2025-12-02,116.05000305175781,Yahoo_Legacy
2025-12-03,114.05000305175781,Yahoo_Legacy
2025-12-04,117.0999984741211,Yahoo_Legacy
2025-12-05,117.05000305175781,Yahoo_Legacy
2025-12-08,117.4000015258789,Yahoo_Legacy
2025-12-09,118.44999694824219,Yahoo_Legacy
2025-12-10,118.44999694824219,Yahoo_Legacy
2025-12-11,123.5,Yahoo_Legacy
2025-12-12,118.25,Yahoo_Legacy
2025-12-15,118.25,Yahoo_Legacy
2025-12-16,119.4000015258789,Yahoo_Legacy
2025-12-17,119.4000015258789,Yahoo_Legacy
2025-12-18,119.4000015258789,Yahoo_Legacy
2025-12-19,120.1500015258789,Yahoo_Legacy
2025-12-22,119.25,Yahoo_Legacy
2025-12-23,120.75,Yahoo_Legacy
2025-12-29,120.5999984741211,Yahoo_Legacy
2025-12-30,120.4000015258789,Yahoo_Legacy
2026-01-02,122.80000305175781,Yahoo_Legacy
2026-01-05,127.55000305175781,Yahoo_Legacy
2026-01-06,127.30000305175781,Yahoo_Legacy
2026-01-07,129.39999389648438,Yahoo_Legacy
2026-01-08,123.44999694824219,Yahoo_Legacy
2026-01-09,125.8499984741211,Yahoo_Legacy
2026-01-12,128.1999969482422,Yahoo_Legacy
2026-01-13,130.35000610351562,Yahoo_Legacy
2026-01-14,126.1500015258789,Yahoo_Legacy
2026-01-15,128.1999969482422,Yahoo_Legacy
2026-01-16,136.3000030517578,Yahoo_Legacy
2026-01-19,134.14999389648438,Yahoo_Legacy
2026-01-20,132.6999969482422,Yahoo_Legacy
2026-01-21,133.0,Yahoo_Legacy
2026-01-22,137.5,Yahoo_Legacy
2026-01-23,141.75,Yahoo_Legacy
2026-01-26,140.85000610351562,Yahoo_Legacy
2026-01-27,142.1999969482422,Yahoo_Legacy
2026-01-28,142.5,Yahoo_Legacy
2026-01-29,143.10000610351562,Yahoo_Legacy
2026-01-30,144.5500030517578,Yahoo_Legacy
2026-02-02,147.9499969482422,Yahoo_Legacy
2026-02-03,154.89999389648438,Yahoo_Legacy
2026-02-04,148.39999389648438,Yahoo_Legacy
2026-02-05,145.85000610351562,Yahoo_Legacy
2026-02-06,152.0,Yahoo_Legacy
2026-02-09,157.89999389648438,Yahoo_Legacy
2026-02-10,150.60000610351562,Yahoo_Legacy
2026-02-11,163.25,Yahoo_Legacy
2026-02-12,161.39999389648438,Yahoo_Legacy
2026-02-13,162.10000610351562,Yahoo_Legacy
2026-02-16,163.39999389648438,Yahoo_Legacy
2026-02-17,161.0500030517578,Yahoo_Legacy
2026-02-18,166.64999389648438,Yahoo_Legacy
2026-02-19,162.9499969482422,Yahoo_Legacy
